{
  "total_analyzed": 8551,
  "high_quality": 49,
  "medium_quality": 3632,
  "low_quality": 4870,
  "average_score": 0.5661865010015044,
  "timestamp": "2025-08-12T09:54:55.295972"
}