{
  "total_analyzed": 100,
  "high_quality": 1,
  "medium_quality": 23,
  "low_quality": 76,
  "average_score": 0.5304396603525471,
  "timestamp": "2025-08-12T09:59:18.190272"
}